{
  "global evidence": -70.12615974840512, 
  "modes": [
    {
      "index": 0, 
      "local log-evidence": -76.00173140924048, 
      "strictly local log-evidence": -76.00285390720869, 
      "local log-evidence error": 0.1280077767139919, 
      "maximum": [
        65.4311927491689, 
        0.8321026782584953, 
        -2.951929216330748
      ], 
      "maximum a posterior": [
        65.4311927491689, 
        0.8321026782584953, 
        -2.951929216330748
      ], 
      "sigma": [
        2.6074059789822726, 
        0.010173398825376219, 
        0.011313728303726834
      ], 
      "strictly local log-evidence error": 0.8839277061185141, 
      "mean": [
        68.02673612223478, 
        0.8216283707252299, 
        -2.9624243103526866
      ]
    }, 
    {
      "index": 1, 
      "local log-evidence": -70.14496868152884, 
      "strictly local log-evidence": -70.14512053339898, 
      "local log-evidence error": 0.12046684494969281, 
      "maximum": [
        60.946425142379844, 
        0.8534648431362997, 
        -2.7617821278135777
      ], 
      "maximum a posterior": [
        60.946425142379844, 
        0.8534648431362997, 
        -2.7617821278135777
      ], 
      "sigma": [
        7.996266874514309, 
        0.02431874904992897, 
        0.024865000455925847
      ], 
      "strictly local log-evidence error": 0.12328168422459353, 
      "mean": [
        69.47762833215319, 
        0.8164894638543629, 
        -2.7689663426381235
      ]
    }, 
    {
      "index": 2, 
      "local log-evidence": -74.27226489940462, 
      "strictly local log-evidence": -74.27227652101465, 
      "local log-evidence error": 0.12652683632591635, 
      "maximum": [
        54.755320901215924, 
        0.8939224368999612, 
        -2.9823681054381583
      ], 
      "maximum a posterior": [
        54.755320901215924, 
        0.8939224368999612, 
        -2.9823681054381583
      ], 
      "sigma": [
        2.5563824462478393, 
        0.016256687944896972, 
        0.019505213998182003
      ], 
      "strictly local log-evidence error": 1.0330981577326406, 
      "mean": [
        53.787859563419175, 
        0.9002635352667823, 
        -3.009765448000557
      ]
    }, 
    {
      "index": 3, 
      "local log-evidence": -87.68138332945097, 
      "strictly local log-evidence": -87.9276415616949, 
      "local log-evidence error": 0.11125084547977206, 
      "maximum": [
        1201.2786775450918, 
        0.5669033288291523, 
        -2.7901118632100563
      ], 
      "maximum a posterior": [
        1266.9157140370228, 
        0.5675901916251277, 
        -2.809513710718661
      ], 
      "sigma": [
        20.44817519248117, 
        0.001088315375178296, 
        0.016336699191347337
      ], 
      "strictly local log-evidence error": 1.2229000164143984, 
      "mean": [
        1247.5904508106066, 
        0.5670187518191123, 
        -2.7769986978230556
      ]
    }
  ], 
  "nested sampling global log-evidence": -70.12615974840512, 
  "marginals": [
    {
      "5sigma": [
        48.49263967629339, 
        1084.2977345415966
      ], 
      "3sigma": [
        50.72780853381879, 
        138.4032004113116
      ], 
      "median": 67.65054466469255, 
      "q90%": 103.09510539203076, 
      "q10%": 62.85699655365779, 
      "q25%": 64.84550034387411, 
      "q01%": 54.59555340200676, 
      "q75%": 71.54691824588991, 
      "1sigma": [
        63.718015070430724, 
        73.64641323810383
      ], 
      "2sigma": [
        60.94977411909303, 
        87.64296147167136
      ], 
      "q99%": 103.09510539203076, 
      "sigma": 4.964199083836554
    }, 
    {
      "5sigma": [
        0.5683147778024724, 
        0.9324484573593599
      ], 
      "3sigma": [
        0.6793061947337639, 
        0.9189659731470672
      ], 
      "median": 0.8213518255276681, 
      "q90%": 0.8941038887029985, 
      "q10%": 0.7886571291514037, 
      "q25%": 0.8061297331988521, 
      "q01%": 0.7251501906826995, 
      "q75%": 0.8333892018238691, 
      "1sigma": [
        0.798333232841888, 
        0.8382793858782523
      ], 
      "2sigma": [
        0.7562096475638866, 
        0.8519573042070616
      ], 
      "q99%": 0.8941038887029985, 
      "sigma": 0.019973076518182198
    }, 
    {
      "5sigma": [
        -3.1056335069001686, 
        -2.6140115709148772
      ], 
      "3sigma": [
        -3.0378142987319072, 
        -2.6806403002241677
      ], 
      "median": -2.7704037886448187, 
      "q90%": -2.7030856814970785, 
      "q10%": -2.8002985744568165, 
      "q25%": -2.78937709013049, 
      "q01%": -3.0004853028392215, 
      "q75%": -2.7539475109368086, 
      "1sigma": [
        -2.7954824432750263, 
        -2.7461663478809313
      ], 
      "2sigma": [
        -2.8182998725987853, 
        -2.7134097665024304
      ], 
      "q99%": -2.7030856814970785, 
      "sigma": 0.02465804769704749
    }
  ], 
  "global evidence error": 0.12016973522135704, 
  "nested sampling global log-evidence error": 0.12016973522135704
}