{
  "global evidence": -28.801574001080475, 
  "modes": [
    {
      "index": 0, 
      "local log-evidence": -28.801574001080475, 
      "strictly local log-evidence": -28.801574001080475, 
      "local log-evidence error": 0.07904294393380594, 
      "maximum": [
        1.6252019734194867, 
        19.405772391311274, 
        -3.0058594148171895
      ], 
      "maximum a posterior": [
        1.6252019734194867, 
        19.405772391311274, 
        -3.0058594148171895
      ], 
      "sigma": [
        0.19414842921640033, 
        16.0425798022767, 
        0.15213949114798012
      ], 
      "strictly local log-evidence error": 0.07904294393380594, 
      "mean": [
        1.446724403237736, 
        32.12407846801145, 
        -2.984162171343232
      ]
    }
  ], 
  "nested sampling global log-evidence": -28.801574001080475, 
  "marginals": [
    {
      "5sigma": [
        1.0219200426047879, 
        2.7506752842239104
      ], 
      "3sigma": [
        1.0866055868726898, 
        2.1880887068544648
      ], 
      "median": 1.4331004563321563, 
      "q90%": 2.0086935644989787, 
      "q10%": 1.203246417689952, 
      "q25%": 1.3044441452207585, 
      "q01%": 1.1167143117735212, 
      "q75%": 1.5665729697571293, 
      "1sigma": [
        1.2456682525214358, 
        1.628847705564382
      ], 
      "2sigma": [
        1.1377687456500767, 
        1.9017843169755972
      ], 
      "q99%": 2.0086935644989787, 
      "sigma": 0.1915897265214731
    }, 
    {
      "5sigma": [
        8.276106201228654, 
        99.83077824505372
      ], 
      "3sigma": [
        11.022785238108174, 
        97.93961989267764
      ], 
      "median": 27.061867708419097, 
      "q90%": 89.11289683816368, 
      "q10%": 17.887515663620572, 
      "q25%": 21.244732956495643, 
      "q01%": 12.7504578476886, 
      "q75%": 37.49836043773855, 
      "1sigma": [
        19.240937257604752, 
        46.041202481554365
      ], 
      "2sigma": [
        14.059463172622939, 
        78.4811796402754
      ], 
      "q99%": 89.11289683816368, 
      "sigma": 13.400132611974806
    }, 
    {
      "5sigma": [
        -3.9216024122397255, 
        -2.3044427016191884
      ], 
      "3sigma": [
        -3.523594617233282, 
        -2.555174261429561
      ], 
      "median": -2.9810414868296173, 
      "q90%": -2.6403273247742867, 
      "q10%": -3.179158096908236, 
      "q25%": -3.0808878909323036, 
      "q01%": -3.3713984498522023, 
      "q75%": -2.8833721005285065, 
      "1sigma": [
        -3.134473013237941, 
        -2.8349220154371415
      ], 
      "2sigma": [
        -3.2951679358449035, 
        -2.696541270962234
      ], 
      "q99%": -2.6403273247742867, 
      "sigma": 0.14977549890039965
    }
  ], 
  "global evidence error": 0.07904294393380594, 
  "nested sampling global log-evidence error": 0.07904294393380594
}